{"stats":{"minecraft:picked_up":{"minecraft:mutton":2,"minecraft:white_wool":1},"minecraft:killed":{"minecraft:sheep":1},"minecraft:custom":{"minecraft:jump":22,"minecraft:time_since_rest":913,"minecraft:damage_dealt":80,"minecraft:leave_game":1,"minecraft:sprint_one_cm":2800,"minecraft:play_time":913,"minecraft:damage_taken":20,"minecraft:time_since_death":913,"minecraft:walk_one_cm":509,"minecraft:total_world_time":913,"minecraft:mob_kills":1,"minecraft:fall_one_cm":404,"minecraft:fly_one_cm":3170}},"DataVersion":3953}