{"stats":{"minecraft:killed_by":{"minecraft:creeper":1,"minecraft:zombie":1},"minecraft:dropped":{"minecraft:kelp":7,"minecraft:wheat_seeds":3,"minecraft:torch":1,"minecraft:oak_sapling":2},"minecraft:broken":{"minecraft:stone_pickaxe":1},"minecraft:used":{"minecraft:stone_sword":103,"minecraft:stone_shovel":58,"minecraft:stone_pickaxe":204,"minecraft:wooden_pickaxe":11,"minecraft:chest":2,"minecraft:shield":18,"minecraft:rotten_flesh":1,"minecraft:oak_door":8,"minecraft:torch":35,"minecraft:dirt":45,"minecraft:crafting_table":4,"minecraft:cod":1,"minecraft:tuff":7,"minecraft:smoker":1,"minecraft:oak_log":1,"minecraft:iron_pickaxe":44,"minecraft:stone_axe":100,"minecraft:cobblestone":64,"minecraft:furnace":5,"minecraft:cooked_cod":9,"minecraft:cobbled_deepslate":6},"minecraft:custom":{"minecraft:interact_with_furnace":20,"minecraft:mob_kills":26,"minecraft:interact_with_crafting_table":18,"minecraft:leave_game":2,"minecraft:time_since_death":44692,"minecraft:time_since_rest":44720,"minecraft:sprint_one_cm":104124,"minecraft:damage_taken":1122,"minecraft:walk_one_cm":144144,"minecraft:damage_blocked_by_shield":533,"minecraft:drop":8,"minecraft:damage_dealt":3901,"minecraft:swim_one_cm":251578,"minecraft:fly_one_cm":35145,"minecraft:open_chest":2,"minecraft:crouch_one_cm":6718,"minecraft:play_time":65626,"minecraft:sneak_time":3223,"minecraft:deaths":2,"minecraft:walk_under_water_one_cm":27175,"minecraft:jump":656,"minecraft:walk_on_water_one_cm":35338,"minecraft:interact_with_smoker":2,"minecraft:total_world_time":65626,"minecraft:fall_one_cm":9829},"minecraft:crafted":{"minecraft:cooked_cod":9,"minecraft:oak_door":3,"minecraft:oak_planks":64,"minecraft:stone_shovel":1,"minecraft:crafting_table":2,"minecraft:wooden_pickaxe":1,"minecraft:furnace":3,"minecraft:stone_axe":1,"minecraft:air":0,"minecraft:shield":1,"minecraft:stick":24,"minecraft:iron_ingot":4,"minecraft:iron_pickaxe":1,"minecraft:stone_pickaxe":4,"minecraft:stone_sword":1,"minecraft:chest":2,"minecraft:torch":28,"minecraft:smoker":1},"minecraft:mined":{"minecraft:deepslate_redstone_ore":4,"minecraft:tuff":7,"minecraft:deepslate_diamond_ore":15,"minecraft:kelp_plant":2,"minecraft:oak_door":7,"minecraft:crafting_table":2,"minecraft:glow_lichen":1,"minecraft:short_grass":3,"minecraft:grass_block":6,"minecraft:copper_ore":10,"minecraft:cobblestone":2,"minecraft:deepslate_gold_ore":16,"minecraft:wall_torch":4,"minecraft:seagrass":2,"minecraft:furnace":3,"minecraft:iron_ore":13,"minecraft:deepslate_lapis_ore":2,"minecraft:oak_log":82,"minecraft:coal_ore":22,"minecraft:deepslate_iron_ore":15,"minecraft:dirt":59,"minecraft:stone":114,"minecraft:oak_leaves":8,"minecraft:deepslate":34},"minecraft:picked_up":{"minecraft:crafting_table":2,"minecraft:wooden_pickaxe":1,"minecraft:tuff":7,"minecraft:oak_log":85,"minecraft:lapis_lazuli":11,"minecraft:dirt":137,"minecraft:string":5,"minecraft:raw_copper":65,"minecraft:bone":5,"minecraft:kelp":7,"minecraft:bow":1,"minecraft:wheat_seeds":5,"minecraft:cobbled_deepslate":41,"minecraft:raw_gold":16,"minecraft:stone_pickaxe":3,"minecraft:oak_planks":33,"minecraft:furnace":3,"minecraft:raw_iron":28,"minecraft:sandstone":14,"minecraft:oak_door":7,"minecraft:torch":10,"minecraft:sand":60,"minecraft:redstone":19,"minecraft:spider_eye":2,"minecraft:stone_sword":1,"minecraft:arrow":2,"minecraft:rotten_flesh":12,"minecraft:stone_shovel":1,"minecraft:diamond":15,"minecraft:stone_axe":1,"minecraft:oak_sapling":3,"minecraft:cod":10,"minecraft:coal":43,"minecraft:cobblestone":198,"minecraft:ender_pearl":2},"minecraft:killed":{"minecraft:spider":3,"minecraft:cod":10,"minecraft:skeleton":4,"minecraft:zombie":8,"minecraft:enderman":1}},"DataVersion":3953}