{"stats":{"minecraft:killed_by":{"minecraft:creeper":1,"minecraft:zombie":1},"minecraft:dropped":{"minecraft:kelp":7,"minecraft:wheat_seeds":3,"minecraft:torch":1,"minecraft:oak_sapling":2},"minecraft:broken":{"minecraft:stone_pickaxe":1,"minecraft:stone_sword":1},"minecraft:used":{"minecraft:cooked_mutton":4,"minecraft:stone_sword":131,"minecraft:stone_shovel":63,"minecraft:stone_pickaxe":225,"minecraft:wooden_pickaxe":11,"minecraft:chest":3,"minecraft:shield":19,"minecraft:rotten_flesh":5,"minecraft:oak_door":14,"minecraft:torch":37,"minecraft:dirt":48,"minecraft:mutton":1,"minecraft:crafting_table":5,"minecraft:cod":1,"minecraft:tuff":7,"minecraft:smoker":2,"minecraft:oak_log":1,"minecraft:iron_pickaxe":143,"minecraft:stone_axe":116,"minecraft:cobblestone":66,"minecraft:oak_sapling":1,"minecraft:furnace":8,"minecraft:cooked_cod":9,"minecraft:cobbled_deepslate":19},"minecraft:custom":{"minecraft:interact_with_furnace":40,"minecraft:mob_kills":40,"minecraft:interact_with_crafting_table":36,"minecraft:leave_game":2,"minecraft:time_since_death":68692,"minecraft:time_since_rest":68720,"minecraft:sprint_one_cm":174111,"minecraft:damage_taken":1162,"minecraft:walk_one_cm":190738,"minecraft:damage_blocked_by_shield":563,"minecraft:drop":8,"minecraft:damage_dealt":5101,"minecraft:swim_one_cm":304626,"minecraft:fly_one_cm":107324,"minecraft:open_chest":20,"minecraft:crouch_one_cm":6952,"minecraft:play_time":89626,"minecraft:sneak_time":3344,"minecraft:deaths":2,"minecraft:walk_under_water_one_cm":33680,"minecraft:jump":1077,"minecraft:walk_on_water_one_cm":42243,"minecraft:interact_with_smoker":5,"minecraft:total_world_time":89626,"minecraft:fall_one_cm":19900},"minecraft:crafted":{"minecraft:cooked_beef":7,"minecraft:cooked_cod":9,"minecraft:oak_door":3,"minecraft:smooth_stone":3,"minecraft:oak_planks":72,"minecraft:stone_shovel":1,"minecraft:diamond_axe":1,"minecraft:crafting_table":2,"minecraft:wooden_pickaxe":1,"minecraft:furnace":4,"minecraft:stone":3,"minecraft:stone_axe":1,"minecraft:cooked_mutton":4,"minecraft:air":0,"minecraft:diamond_pickaxe":1,"minecraft:shield":1,"minecraft:stick":32,"minecraft:iron_ingot":4,"minecraft:iron_pickaxe":1,"minecraft:stone_pickaxe":4,"minecraft:stone_sword":1,"minecraft:chest":3,"minecraft:torch":32,"minecraft:smoker":2},"minecraft:mined":{"minecraft:deepslate_redstone_ore":4,"minecraft:tuff":7,"minecraft:deepslate_diamond_ore":15,"minecraft:kelp_plant":2,"minecraft:oak_door":13,"minecraft:crafting_table":3,"minecraft:glow_lichen":1,"minecraft:short_grass":4,"minecraft:grass_block":7,"minecraft:copper_ore":10,"minecraft:cobblestone":2,"minecraft:deepslate_gold_ore":21,"minecraft:diorite":3,"minecraft:wall_torch":4,"minecraft:seagrass":2,"minecraft:furnace":6,"minecraft:iron_ore":15,"minecraft:deepslate_lapis_ore":2,"minecraft:dirt_path":1,"minecraft:oak_log":91,"minecraft:coal_ore":31,"minecraft:deepslate_iron_ore":15,"minecraft:gravel":5,"minecraft:dirt":62,"minecraft:stone":211,"minecraft:oak_leaves":10,"minecraft:deepslate":35},"minecraft:picked_up":{"minecraft:crafting_table":3,"minecraft:leather":2,"minecraft:wooden_pickaxe":1,"minecraft:flint":2,"minecraft:tuff":7,"minecraft:oak_log":94,"minecraft:lapis_lazuli":11,"minecraft:dirt":140,"minecraft:string":5,"minecraft:raw_copper":65,"minecraft:bone":5,"minecraft:kelp":7,"minecraft:bow":1,"minecraft:wheat_seeds":5,"minecraft:cobbled_deepslate":42,"minecraft:raw_gold":21,"minecraft:beef":7,"minecraft:iron_ingot":5,"minecraft:stone_pickaxe":3,"minecraft:oak_planks":34,"minecraft:furnace":6,"minecraft:stick":3,"minecraft:raw_iron":46,"minecraft:sandstone":14,"minecraft:oak_door":13,"minecraft:torch":10,"minecraft:gravel":3,"minecraft:sand":60,"minecraft:diorite":3,"minecraft:redstone":19,"minecraft:spider_eye":2,"minecraft:stone_sword":1,"minecraft:arrow":2,"minecraft:rotten_flesh":12,"minecraft:stone_shovel":1,"minecraft:diamond":15,"minecraft:stone_axe":1,"minecraft:oak_sapling":4,"minecraft:mutton":21,"minecraft:cod":10,"minecraft:coal":51,"minecraft:white_wool":10,"minecraft:cobblestone":295,"minecraft:ender_pearl":2},"minecraft:killed":{"minecraft:spider":3,"minecraft:cod":10,"minecraft:sheep":10,"minecraft:skeleton":4,"minecraft:zombie":8,"minecraft:cow":4,"minecraft:enderman":1}},"DataVersion":3953}