{"stats":{"minecraft:killed":{"minecraft:spider":2,"minecraft:cod":10,"minecraft:skeleton":1,"minecraft:zombie":5,"minecraft:enderman":1},"minecraft:custom":{"minecraft:interact_with_furnace":3,"minecraft:mob_kills":19,"minecraft:interact_with_crafting_table":13,"minecraft:leave_game":1,"minecraft:time_since_death":15129,"minecraft:time_since_rest":15157,"minecraft:sprint_one_cm":78774,"minecraft:damage_taken":761,"minecraft:walk_one_cm":77639,"minecraft:drop":7,"minecraft:damage_dealt":2155,"minecraft:swim_one_cm":98558,"minecraft:fly_one_cm":28616,"minecraft:open_chest":2,"minecraft:crouch_one_cm":208,"minecraft:play_time":36063,"minecraft:deaths":2,"minecraft:sneak_time":112,"minecraft:walk_under_water_one_cm":13391,"minecraft:jump":401,"minecraft:walk_on_water_one_cm":19573,"minecraft:total_world_time":36063,"minecraft:interact_with_smoker":2,"minecraft:fall_one_cm":5602},"minecraft:mined":{"minecraft:kelp_plant":2,"minecraft:crafting_table":1,"minecraft:short_grass":3,"minecraft:grass_block":6,"minecraft:copper_ore":10,"minecraft:seagrass":2,"minecraft:furnace":1,"minecraft:coal_ore":22,"minecraft:oak_log":82,"minecraft:dirt":59,"minecraft:stone":110,"minecraft:oak_leaves":8},"minecraft:broken":{"minecraft:stone_pickaxe":1},"minecraft:killed_by":{"minecraft:creeper":1,"minecraft:zombie":1},"minecraft:crafted":{"minecraft:cooked_cod":5,"minecraft:oak_door":3,"minecraft:oak_planks":64,"minecraft:stone_shovel":1,"minecraft:crafting_table":1,"minecraft:wooden_pickaxe":1,"minecraft:furnace":2,"minecraft:stone_axe":1,"minecraft:air":0,"minecraft:stick":16,"minecraft:stone_pickaxe":4,"minecraft:stone_sword":1,"minecraft:chest":2,"minecraft:torch":4,"minecraft:smoker":1},"minecraft:picked_up":{"minecraft:crafting_table":1,"minecraft:wooden_pickaxe":1,"minecraft:oak_log":85,"minecraft:dirt":137,"minecraft:string":4,"minecraft:raw_copper":60,"minecraft:kelp":7,"minecraft:wheat_seeds":5,"minecraft:stone_pickaxe":3,"minecraft:oak_planks":33,"minecraft:furnace":1,"minecraft:sandstone":14,"minecraft:torch":2,"minecraft:sand":60,"minecraft:spider_eye":1,"minecraft:stone_sword":1,"minecraft:arrow":1,"minecraft:rotten_flesh":8,"minecraft:stone_shovel":1,"minecraft:stone_axe":1,"minecraft:oak_sapling":3,"minecraft:coal":43,"minecraft:cod":10,"minecraft:cobblestone":192,"minecraft:ender_pearl":2},"minecraft:dropped":{"minecraft:kelp":7,"minecraft:wheat_seeds":3,"minecraft:oak_sapling":2},"minecraft:used":{"minecraft:stone_sword":61,"minecraft:stone_shovel":58,"minecraft:stone_pickaxe":133,"minecraft:chest":2,"minecraft:wooden_pickaxe":11,"minecraft:rotten_flesh":1,"minecraft:torch":2,"minecraft:dirt":45,"minecraft:crafting_table":2,"minecraft:smoker":1,"minecraft:oak_log":1,"minecraft:stone_axe":90,"minecraft:cobblestone":3,"minecraft:furnace":2,"minecraft:cooked_cod":5}},"DataVersion":3953}