{"stats":{"minecraft:killed_by":{"minecraft:creeper":1,"minecraft:zombie":1},"minecraft:dropped":{"minecraft:wheat_seeds":8,"minecraft:baked_potato":5,"minecraft:torch":1,"minecraft:kelp":7,"minecraft:oak_sapling":2},"minecraft:broken":{"minecraft:stone_sword":1,"minecraft:stone_pickaxe":3,"minecraft:stone_axe":1},"minecraft:used":{"minecraft:stone_sword":131,"minecraft:stone_shovel":116,"minecraft:chest":6,"minecraft:shield":21,"minecraft:rotten_flesh":5,"minecraft:iron_chestplate":1,"minecraft:oak_door":27,"minecraft:torch":45,"minecraft:brewing_stand":1,"minecraft:dirt":48,"minecraft:mutton":1,"minecraft:tuff":7,"minecraft:furnace":9,"minecraft:oak_sapling":1,"minecraft:cooked_cod":9,"minecraft:cobbled_deepslate":19,"minecraft:cooked_mutton":4,"minecraft:water_bucket":11,"minecraft:stone_pickaxe":429,"minecraft:baked_potato":4,"minecraft:wooden_pickaxe":11,"minecraft:stonecutter":1,"minecraft:fletching_table":24,"minecraft:diamond_axe":73,"minecraft:oak_slab":5,"minecraft:crafting_table":6,"minecraft:blast_furnace":4,"minecraft:white_bed":3,"minecraft:cod":1,"minecraft:smoker":4,"minecraft:oak_log":1,"minecraft:bread":1,"minecraft:iron_pickaxe":219,"minecraft:gravel":45,"minecraft:stone_axe":122,"minecraft:cobblestone":203,"minecraft:bucket":12,"minecraft:oak_boat":12},"minecraft:custom":{"minecraft:mob_kills":41,"minecraft:interact_with_crafting_table":55,"minecraft:leave_game":3,"minecraft:time_since_death":122719,"minecraft:sprint_one_cm":247785,"minecraft:walk_one_cm":373449,"minecraft:damage_blocked_by_shield":623,"minecraft:drop":18,"minecraft:talked_to_villager":48,"minecraft:play_time":143653,"minecraft:deaths":2,"minecraft:sneak_time":5298,"minecraft:walk_under_water_one_cm":34265,"minecraft:boat_one_cm":29416,"minecraft:jump":1662,"minecraft:interact_with_blast_furnace":3,"minecraft:walk_on_water_one_cm":43721,"minecraft:total_world_time":143653,"minecraft:interact_with_furnace":40,"minecraft:traded_with_villager":4,"minecraft:sleep_in_bed":4,"minecraft:time_since_rest":13294,"minecraft:damage_taken":1362,"minecraft:damage_dealt":5329,"minecraft:swim_one_cm":308780,"minecraft:fly_one_cm":164925,"minecraft:open_chest":42,"minecraft:crouch_one_cm":13872,"minecraft:interact_with_smoker":6,"minecraft:fall_one_cm":29248},"minecraft:crafted":{"minecraft:oak_door":3,"minecraft:oak_planks":208,"minecraft:smooth_stone":3,"minecraft:stone_shovel":1,"minecraft:furnace":5,"minecraft:blast_furnace":1,"minecraft:stone":3,"minecraft:cooked_mutton":4,"minecraft:stone_pickaxe":4,"minecraft:chest":4,"minecraft:smoker":2,"minecraft:cooked_beef":7,"minecraft:cooked_cod":9,"minecraft:oak_slab":6,"minecraft:emerald":4,"minecraft:diamond_axe":1,"minecraft:crafting_table":2,"minecraft:wooden_pickaxe":1,"minecraft:fletching_table":4,"minecraft:bucket":2,"minecraft:stone_axe":1,"minecraft:air":0,"minecraft:oak_boat":1,"minecraft:iron_chestplate":1,"minecraft:diamond_pickaxe":1,"minecraft:shield":1,"minecraft:stick":168,"minecraft:iron_ingot":4,"minecraft:iron_pickaxe":1,"minecraft:stone_sword":1,"minecraft:white_bed":1,"minecraft:torch":44},"minecraft:mined":{"minecraft:tuff":7,"minecraft:white_bed":2,"minecraft:deepslate_diamond_ore":15,"minecraft:oak_door":26,"minecraft:brewing_stand":2,"minecraft:glow_lichen":1,"minecraft:grass_block":11,"minecraft:furnace":7,"minecraft:iron_ore":15,"minecraft:deepslate_lapis_ore":2,"minecraft:fletching_table":20,"minecraft:deepslate_iron_ore":15,"minecraft:dirt_path":3,"minecraft:stone":419,"minecraft:deepslate_redstone_ore":4,"minecraft:oak_slab":4,"minecraft:kelp_plant":2,"minecraft:smoker":3,"minecraft:crafting_table":4,"minecraft:torch":1,"minecraft:short_grass":10,"minecraft:blast_furnace":4,"minecraft:chest":2,"minecraft:cobblestone":48,"minecraft:copper_ore":10,"minecraft:deepslate_gold_ore":21,"minecraft:diorite":3,"minecraft:wall_torch":8,"minecraft:seagrass":2,"minecraft:wheat":1,"minecraft:coal_ore":43,"minecraft:oak_log":122,"minecraft:gravel":54,"minecraft:dirt":65,"minecraft:stonecutter":2,"minecraft:oak_leaves":31,"minecraft:deepslate":35},"minecraft:picked_up":{"minecraft:crafting_table":4,"minecraft:wooden_pickaxe":1,"minecraft:brewing_stand":2,"minecraft:string":5,"minecraft:raw_copper":65,"minecraft:cobbled_deepslate":42,"minecraft:beef":7,"minecraft:oak_boat":12,"minecraft:chest":2,"minecraft:furnace":7,"minecraft:raw_iron":51,"minecraft:stick":4,"minecraft:sandstone":14,"minecraft:oak_door":26,"minecraft:torch":15,"minecraft:diorite":3,"minecraft:redstone":19,"minecraft:stone_shovel":1,"minecraft:rotten_flesh":12,"minecraft:stone_sword":1,"minecraft:arrow":3,"minecraft:mutton":21,"minecraft:cod":10,"minecraft:cobblestone":549,"minecraft:white_wool":10,"minecraft:leather":2,"minecraft:smoker":3,"minecraft:flint":8,"minecraft:tuff":7,"minecraft:oak_log":125,"minecraft:lapis_lazuli":11,"minecraft:dirt":149,"minecraft:bone":5,"minecraft:apple":1,"minecraft:stonecutter":2,"minecraft:kelp":7,"minecraft:bow":1,"minecraft:wheat_seeds":10,"minecraft:raw_gold":21,"minecraft:iron_ingot":21,"minecraft:stone_pickaxe":3,"minecraft:fletching_table":20,"minecraft:oak_planks":34,"minecraft:oak_slab":4,"minecraft:gravel":48,"minecraft:sand":60,"minecraft:blast_furnace":4,"minecraft:white_bed":2,"minecraft:spider_eye":2,"minecraft:diamond":15,"minecraft:stone_axe":1,"minecraft:baked_potato":20,"minecraft:oak_sapling":4,"minecraft:coal":64,"minecraft:ender_pearl":2},"minecraft:killed":{"minecraft:spider":3,"minecraft:cod":10,"minecraft:skeleton":5,"minecraft:sheep":10,"minecraft:zombie":8,"minecraft:enderman":1,"minecraft:cow":4}},"DataVersion":3953}