{"stats":{"minecraft:killed_by":{"minecraft:creeper":1,"minecraft:zombie":1},"minecraft:dropped":{"minecraft:wheat_seeds":3,"minecraft:baked_potato":5,"minecraft:torch":1,"minecraft:kelp":7,"minecraft:oak_sapling":2},"minecraft:broken":{"minecraft:stone_sword":1,"minecraft:stone_pickaxe":2,"minecraft:stone_axe":1},"minecraft:used":{"minecraft:stone_sword":131,"minecraft:stone_shovel":63,"minecraft:chest":6,"minecraft:shield":19,"minecraft:rotten_flesh":5,"minecraft:iron_chestplate":1,"minecraft:oak_door":24,"minecraft:torch":41,"minecraft:brewing_stand":1,"minecraft:dirt":48,"minecraft:mutton":1,"minecraft:tuff":7,"minecraft:furnace":9,"minecraft:oak_sapling":1,"minecraft:cooked_cod":9,"minecraft:cobbled_deepslate":19,"minecraft:cooked_mutton":4,"minecraft:water_bucket":4,"minecraft:stone_pickaxe":365,"minecraft:baked_potato":2,"minecraft:wooden_pickaxe":11,"minecraft:stonecutter":1,"minecraft:fletching_table":10,"minecraft:diamond_axe":42,"minecraft:oak_slab":3,"minecraft:crafting_table":6,"minecraft:blast_furnace":4,"minecraft:white_bed":2,"minecraft:cod":1,"minecraft:smoker":4,"minecraft:oak_log":1,"minecraft:iron_pickaxe":219,"minecraft:stone_axe":122,"minecraft:cobblestone":132,"minecraft:bucket":5,"minecraft:oak_boat":8},"minecraft:custom":{"minecraft:mob_kills":40,"minecraft:interact_with_crafting_table":47,"minecraft:leave_game":2,"minecraft:time_since_death":98692,"minecraft:sprint_one_cm":218541,"minecraft:walk_one_cm":281873,"minecraft:damage_blocked_by_shield":563,"minecraft:drop":13,"minecraft:talked_to_villager":27,"minecraft:play_time":119626,"minecraft:deaths":2,"minecraft:sneak_time":4945,"minecraft:walk_under_water_one_cm":33680,"minecraft:boat_one_cm":13749,"minecraft:jump":1368,"minecraft:interact_with_blast_furnace":3,"minecraft:walk_on_water_one_cm":42780,"minecraft:total_world_time":119626,"minecraft:interact_with_furnace":40,"minecraft:traded_with_villager":1,"minecraft:sleep_in_bed":3,"minecraft:time_since_rest":3098,"minecraft:damage_taken":1262,"minecraft:damage_dealt":5129,"minecraft:swim_one_cm":304626,"minecraft:fly_one_cm":133981,"minecraft:open_chest":39,"minecraft:crouch_one_cm":11748,"minecraft:interact_with_smoker":5,"minecraft:fall_one_cm":23597},"minecraft:crafted":{"minecraft:oak_door":3,"minecraft:oak_planks":168,"minecraft:smooth_stone":3,"minecraft:stone_shovel":1,"minecraft:furnace":5,"minecraft:blast_furnace":1,"minecraft:stone":3,"minecraft:cooked_mutton":4,"minecraft:stone_pickaxe":4,"minecraft:chest":4,"minecraft:smoker":2,"minecraft:cooked_beef":7,"minecraft:cooked_cod":9,"minecraft:oak_slab":6,"minecraft:emerald":1,"minecraft:diamond_axe":1,"minecraft:crafting_table":2,"minecraft:wooden_pickaxe":1,"minecraft:fletching_table":1,"minecraft:bucket":2,"minecraft:stone_axe":1,"minecraft:air":0,"minecraft:oak_boat":1,"minecraft:iron_chestplate":1,"minecraft:diamond_pickaxe":1,"minecraft:shield":1,"minecraft:stick":76,"minecraft:iron_ingot":4,"minecraft:iron_pickaxe":1,"minecraft:stone_sword":1,"minecraft:white_bed":1,"minecraft:torch":32},"minecraft:mined":{"minecraft:tuff":7,"minecraft:white_bed":1,"minecraft:deepslate_diamond_ore":15,"minecraft:oak_door":23,"minecraft:brewing_stand":2,"minecraft:glow_lichen":1,"minecraft:grass_block":7,"minecraft:furnace":7,"minecraft:iron_ore":15,"minecraft:deepslate_lapis_ore":2,"minecraft:fletching_table":9,"minecraft:deepslate_iron_ore":15,"minecraft:dirt_path":1,"minecraft:stone":381,"minecraft:deepslate_redstone_ore":4,"minecraft:oak_slab":2,"minecraft:kelp_plant":2,"minecraft:smoker":2,"minecraft:crafting_table":4,"minecraft:short_grass":5,"minecraft:blast_furnace":3,"minecraft:chest":2,"minecraft:cobblestone":25,"minecraft:copper_ore":10,"minecraft:deepslate_gold_ore":21,"minecraft:diorite":3,"minecraft:wall_torch":6,"minecraft:seagrass":2,"minecraft:coal_ore":43,"minecraft:oak_log":112,"minecraft:gravel":5,"minecraft:dirt":62,"minecraft:stonecutter":1,"minecraft:oak_leaves":27,"minecraft:deepslate":35},"minecraft:picked_up":{"minecraft:crafting_table":4,"minecraft:wooden_pickaxe":1,"minecraft:brewing_stand":2,"minecraft:string":5,"minecraft:raw_copper":65,"minecraft:cobbled_deepslate":42,"minecraft:beef":7,"minecraft:oak_boat":7,"minecraft:chest":2,"minecraft:furnace":7,"minecraft:raw_iron":51,"minecraft:stick":4,"minecraft:sandstone":14,"minecraft:oak_door":23,"minecraft:torch":12,"minecraft:diorite":3,"minecraft:redstone":19,"minecraft:stone_shovel":1,"minecraft:rotten_flesh":12,"minecraft:stone_sword":1,"minecraft:arrow":2,"minecraft:mutton":21,"minecraft:cod":10,"minecraft:cobblestone":488,"minecraft:white_wool":10,"minecraft:leather":2,"minecraft:smoker":2,"minecraft:flint":2,"minecraft:tuff":7,"minecraft:oak_log":115,"minecraft:lapis_lazuli":11,"minecraft:dirt":140,"minecraft:bone":5,"minecraft:apple":1,"minecraft:stonecutter":1,"minecraft:kelp":7,"minecraft:bow":1,"minecraft:wheat_seeds":5,"minecraft:raw_gold":21,"minecraft:iron_ingot":21,"minecraft:stone_pickaxe":3,"minecraft:fletching_table":9,"minecraft:oak_planks":34,"minecraft:oak_slab":2,"minecraft:gravel":3,"minecraft:sand":60,"minecraft:blast_furnace":3,"minecraft:white_bed":1,"minecraft:spider_eye":2,"minecraft:diamond":15,"minecraft:stone_axe":1,"minecraft:baked_potato":20,"minecraft:oak_sapling":4,"minecraft:coal":64,"minecraft:ender_pearl":2},"minecraft:killed":{"minecraft:spider":3,"minecraft:cod":10,"minecraft:skeleton":4,"minecraft:sheep":10,"minecraft:zombie":8,"minecraft:enderman":1,"minecraft:cow":4}},"DataVersion":3953}