{"stats":{"minecraft:killed_by":{"minecraft:creeper":1,"minecraft:zombie":1},"minecraft:dropped":{"minecraft:kelp":7,"minecraft:wheat_seeds":3,"minecraft:torch":1,"minecraft:oak_sapling":2},"minecraft:broken":{"minecraft:stone_pickaxe":2,"minecraft:stone_axe":1,"minecraft:stone_sword":1},"minecraft:used":{"minecraft:cooked_mutton":4,"minecraft:stone_sword":131,"minecraft:stone_shovel":63,"minecraft:stone_pickaxe":298,"minecraft:wooden_pickaxe":11,"minecraft:chest":6,"minecraft:shield":19,"minecraft:diamond_axe":30,"minecraft:rotten_flesh":5,"minecraft:iron_chestplate":1,"minecraft:oak_door":22,"minecraft:torch":40,"minecraft:dirt":48,"minecraft:mutton":1,"minecraft:oak_slab":2,"minecraft:crafting_table":6,"minecraft:blast_furnace":3,"minecraft:white_bed":2,"minecraft:cod":1,"minecraft:tuff":7,"minecraft:smoker":4,"minecraft:oak_log":1,"minecraft:iron_pickaxe":219,"minecraft:stone_axe":122,"minecraft:cobblestone":101,"minecraft:oak_sapling":1,"minecraft:furnace":9,"minecraft:cooked_cod":9,"minecraft:oak_boat":5,"minecraft:cobbled_deepslate":19},"minecraft:custom":{"minecraft:interact_with_furnace":40,"minecraft:mob_kills":40,"minecraft:interact_with_crafting_table":44,"minecraft:leave_game":2,"minecraft:time_since_death":86692,"minecraft:sleep_in_bed":2,"minecraft:time_since_rest":4146,"minecraft:sprint_one_cm":192894,"minecraft:damage_taken":1182,"minecraft:walk_one_cm":241331,"minecraft:damage_blocked_by_shield":563,"minecraft:drop":8,"minecraft:damage_dealt":5129,"minecraft:talked_to_villager":2,"minecraft:swim_one_cm":304626,"minecraft:fly_one_cm":116110,"minecraft:open_chest":36,"minecraft:crouch_one_cm":11034,"minecraft:play_time":107626,"minecraft:sneak_time":4834,"minecraft:deaths":2,"minecraft:walk_under_water_one_cm":33680,"minecraft:boat_one_cm":8267,"minecraft:jump":1230,"minecraft:interact_with_blast_furnace":3,"minecraft:walk_on_water_one_cm":42243,"minecraft:interact_with_smoker":5,"minecraft:total_world_time":107626,"minecraft:fall_one_cm":21045},"minecraft:crafted":{"minecraft:cooked_beef":7,"minecraft:cooked_cod":9,"minecraft:oak_door":3,"minecraft:oak_slab":6,"minecraft:smooth_stone":3,"minecraft:oak_planks":168,"minecraft:stone_shovel":1,"minecraft:diamond_axe":1,"minecraft:crafting_table":2,"minecraft:wooden_pickaxe":1,"minecraft:furnace":5,"minecraft:blast_furnace":1,"minecraft:bucket":2,"minecraft:stone":3,"minecraft:stone_axe":1,"minecraft:cooked_mutton":4,"minecraft:air":0,"minecraft:oak_boat":1,"minecraft:iron_chestplate":1,"minecraft:diamond_pickaxe":1,"minecraft:shield":1,"minecraft:stick":32,"minecraft:iron_ingot":4,"minecraft:iron_pickaxe":1,"minecraft:stone_pickaxe":4,"minecraft:stone_sword":1,"minecraft:white_bed":1,"minecraft:chest":4,"minecraft:torch":32,"minecraft:smoker":2},"minecraft:mined":{"minecraft:deepslate_redstone_ore":4,"minecraft:oak_slab":1,"minecraft:tuff":7,"minecraft:white_bed":1,"minecraft:deepslate_diamond_ore":15,"minecraft:kelp_plant":2,"minecraft:oak_door":21,"minecraft:smoker":2,"minecraft:crafting_table":4,"minecraft:glow_lichen":1,"minecraft:short_grass":5,"minecraft:blast_furnace":2,"minecraft:grass_block":7,"minecraft:chest":2,"minecraft:copper_ore":10,"minecraft:cobblestone":8,"minecraft:deepslate_gold_ore":21,"minecraft:diorite":3,"minecraft:wall_torch":6,"minecraft:seagrass":2,"minecraft:furnace":7,"minecraft:iron_ore":15,"minecraft:deepslate_lapis_ore":2,"minecraft:dirt_path":1,"minecraft:oak_log":112,"minecraft:coal_ore":43,"minecraft:deepslate_iron_ore":15,"minecraft:gravel":5,"minecraft:dirt":62,"minecraft:stone":335,"minecraft:oak_leaves":27,"minecraft:deepslate":35},"minecraft:picked_up":{"minecraft:crafting_table":4,"minecraft:leather":2,"minecraft:wooden_pickaxe":1,"minecraft:smoker":2,"minecraft:flint":2,"minecraft:tuff":7,"minecraft:oak_log":115,"minecraft:lapis_lazuli":11,"minecraft:dirt":140,"minecraft:string":5,"minecraft:raw_copper":65,"minecraft:oak_boat":4,"minecraft:bone":5,"minecraft:apple":1,"minecraft:kelp":7,"minecraft:bow":1,"minecraft:wheat_seeds":5,"minecraft:cobbled_deepslate":42,"minecraft:raw_gold":21,"minecraft:beef":7,"minecraft:iron_ingot":21,"minecraft:stone_pickaxe":3,"minecraft:chest":2,"minecraft:oak_planks":34,"minecraft:furnace":7,"minecraft:oak_slab":1,"minecraft:stick":4,"minecraft:raw_iron":51,"minecraft:sandstone":14,"minecraft:oak_door":21,"minecraft:torch":12,"minecraft:gravel":3,"minecraft:sand":60,"minecraft:blast_furnace":2,"minecraft:diorite":3,"minecraft:white_bed":1,"minecraft:redstone":19,"minecraft:spider_eye":2,"minecraft:stone_sword":1,"minecraft:arrow":2,"minecraft:rotten_flesh":12,"minecraft:stone_shovel":1,"minecraft:diamond":15,"minecraft:stone_axe":1,"minecraft:baked_potato":15,"minecraft:oak_sapling":4,"minecraft:mutton":21,"minecraft:cod":10,"minecraft:coal":64,"minecraft:white_wool":10,"minecraft:cobblestone":425,"minecraft:ender_pearl":2},"minecraft:killed":{"minecraft:spider":3,"minecraft:cod":10,"minecraft:sheep":10,"minecraft:skeleton":4,"minecraft:zombie":8,"minecraft:cow":4,"minecraft:enderman":1}},"DataVersion":3953}