{"stats":{"minecraft:killed":{"minecraft:skeleton":1,"minecraft:zombie":5,"minecraft:spider":2,"minecraft:enderman":1},"minecraft:custom":{"minecraft:time_since_rest":3157,"minecraft:interact_with_furnace":1,"minecraft:sprint_one_cm":40651,"minecraft:damage_taken":701,"minecraft:walk_one_cm":59830,"minecraft:mob_kills":9,"minecraft:drop":1,"minecraft:damage_dealt":1855,"minecraft:open_chest":1,"minecraft:swim_one_cm":4674,"minecraft:interact_with_crafting_table":9,"minecraft:fly_one_cm":17190,"minecraft:crouch_one_cm":180,"minecraft:play_time":24063,"minecraft:deaths":2,"minecraft:sneak_time":81,"minecraft:walk_under_water_one_cm":2806,"minecraft:jump":277,"minecraft:leave_game":1,"minecraft:time_since_death":3129,"minecraft:walk_on_water_one_cm":2209,"minecraft:total_world_time":24063,"minecraft:fall_one_cm":2781},"minecraft:mined":{"minecraft:crafting_table":1,"minecraft:short_grass":3,"minecraft:grass_block":6,"minecraft:oak_log":79,"minecraft:coal_ore":22,"minecraft:dirt":58,"minecraft:copper_ore":10,"minecraft:stone":110,"minecraft:oak_leaves":8},"minecraft:broken":{"minecraft:stone_pickaxe":1},"minecraft:killed_by":{"minecraft:creeper":1,"minecraft:zombie":1},"minecraft:crafted":{"minecraft:oak_planks":64,"minecraft:stone_shovel":1,"minecraft:crafting_table":1,"minecraft:stick":16,"minecraft:wooden_pickaxe":1,"minecraft:stone_pickaxe":4,"minecraft:chest":2,"minecraft:stone_sword":1,"minecraft:furnace":1,"minecraft:torch":4,"minecraft:stone_axe":1},"minecraft:picked_up":{"minecraft:crafting_table":1,"minecraft:sandstone":14,"minecraft:torch":2,"minecraft:wooden_pickaxe":1,"minecraft:sand":60,"minecraft:oak_log":82,"minecraft:spider_eye":1,"minecraft:stone_sword":1,"minecraft:string":4,"minecraft:dirt":136,"minecraft:raw_copper":60,"minecraft:arrow":1,"minecraft:stone_shovel":1,"minecraft:rotten_flesh":6,"minecraft:stone_axe":1,"minecraft:wheat_seeds":5,"minecraft:stone_pickaxe":3,"minecraft:oak_sapling":3,"minecraft:oak_planks":33,"minecraft:coal":33,"minecraft:cobblestone":192,"minecraft:ender_pearl":2},"minecraft:dropped":{"minecraft:wheat_seeds":1},"minecraft:used":{"minecraft:oak_log":1,"minecraft:stone_sword":61,"minecraft:stone_shovel":58,"minecraft:stone_pickaxe":131,"minecraft:chest":2,"minecraft:wooden_pickaxe":11,"minecraft:rotten_flesh":1,"minecraft:torch":2,"minecraft:stone_axe":69,"minecraft:dirt":45,"minecraft:cobblestone":2,"minecraft:crafting_table":2,"minecraft:furnace":1}},"DataVersion":3953}