{"stats":{"minecraft:killed":{"minecraft:spider":3,"minecraft:cod":10,"minecraft:skeleton":1,"minecraft:zombie":7,"minecraft:enderman":1},"minecraft:custom":{"minecraft:interact_with_furnace":18,"minecraft:mob_kills":22,"minecraft:interact_with_crafting_table":15,"minecraft:leave_game":1,"minecraft:time_since_death":33129,"minecraft:time_since_rest":33157,"minecraft:sprint_one_cm":85600,"minecraft:damage_taken":947,"minecraft:walk_one_cm":97587,"minecraft:damage_blocked_by_shield":10,"minecraft:drop":8,"minecraft:damage_dealt":2841,"minecraft:swim_one_cm":251578,"minecraft:fly_one_cm":30462,"minecraft:open_chest":2,"minecraft:crouch_one_cm":4788,"minecraft:play_time":54063,"minecraft:deaths":2,"minecraft:sneak_time":2370,"minecraft:walk_under_water_one_cm":26089,"minecraft:jump":474,"minecraft:walk_on_water_one_cm":32705,"minecraft:total_world_time":54063,"minecraft:interact_with_smoker":2,"minecraft:fall_one_cm":6080},"minecraft:mined":{"minecraft:tuff":7,"minecraft:oak_door":7,"minecraft:kelp_plant":2,"minecraft:crafting_table":2,"minecraft:glow_lichen":1,"minecraft:short_grass":3,"minecraft:grass_block":6,"minecraft:cobblestone":2,"minecraft:copper_ore":10,"minecraft:wall_torch":4,"minecraft:seagrass":2,"minecraft:furnace":3,"minecraft:iron_ore":13,"minecraft:deepslate_iron_ore":12,"minecraft:coal_ore":22,"minecraft:oak_log":82,"minecraft:dirt":59,"minecraft:stone":114,"minecraft:deepslate":24,"minecraft:oak_leaves":8},"minecraft:broken":{"minecraft:stone_pickaxe":1},"minecraft:killed_by":{"minecraft:creeper":1,"minecraft:zombie":1},"minecraft:crafted":{"minecraft:cooked_cod":9,"minecraft:oak_door":3,"minecraft:oak_planks":64,"minecraft:stone_shovel":1,"minecraft:crafting_table":2,"minecraft:wooden_pickaxe":1,"minecraft:furnace":3,"minecraft:stone_axe":1,"minecraft:air":0,"minecraft:shield":1,"minecraft:stick":20,"minecraft:iron_ingot":1,"minecraft:stone_pickaxe":4,"minecraft:stone_sword":1,"minecraft:chest":2,"minecraft:torch":20,"minecraft:smoker":1},"minecraft:picked_up":{"minecraft:crafting_table":2,"minecraft:wooden_pickaxe":1,"minecraft:tuff":6,"minecraft:oak_log":85,"minecraft:dirt":137,"minecraft:string":5,"minecraft:raw_copper":65,"minecraft:kelp":7,"minecraft:wheat_seeds":5,"minecraft:cobbled_deepslate":23,"minecraft:stone_pickaxe":3,"minecraft:oak_planks":33,"minecraft:furnace":3,"minecraft:raw_iron":25,"minecraft:sandstone":14,"minecraft:oak_door":7,"minecraft:torch":9,"minecraft:sand":60,"minecraft:spider_eye":2,"minecraft:stone_sword":1,"minecraft:arrow":1,"minecraft:rotten_flesh":10,"minecraft:stone_shovel":1,"minecraft:stone_axe":1,"minecraft:oak_sapling":3,"minecraft:coal":43,"minecraft:cod":10,"minecraft:cobblestone":198,"minecraft:ender_pearl":2},"minecraft:dropped":{"minecraft:kelp":7,"minecraft:wheat_seeds":3,"minecraft:torch":1,"minecraft:oak_sapling":2},"minecraft:used":{"minecraft:stone_sword":79,"minecraft:stone_shovel":58,"minecraft:stone_pickaxe":198,"minecraft:shield":1,"minecraft:chest":2,"minecraft:wooden_pickaxe":11,"minecraft:rotten_flesh":1,"minecraft:oak_door":8,"minecraft:torch":14,"minecraft:dirt":45,"minecraft:crafting_table":4,"minecraft:cod":1,"minecraft:smoker":1,"minecraft:oak_log":1,"minecraft:stone_axe":100,"minecraft:cobblestone":36,"minecraft:furnace":5,"minecraft:cooked_cod":8}},"DataVersion":3953}