{"stats":{"minecraft:killed_by":{"minecraft:creeper":1,"minecraft:zombie":1},"minecraft:dropped":{"minecraft:wheat_seeds":4,"minecraft:baked_potato":5,"minecraft:torch":1,"minecraft:kelp":7,"minecraft:oak_sapling":2},"minecraft:broken":{"minecraft:stone_sword":1,"minecraft:stone_pickaxe":3,"minecraft:stone_axe":1},"minecraft:used":{"minecraft:stone_sword":131,"minecraft:stone_shovel":112,"minecraft:chest":6,"minecraft:shield":19,"minecraft:rotten_flesh":5,"minecraft:iron_chestplate":1,"minecraft:oak_door":26,"minecraft:torch":45,"minecraft:brewing_stand":1,"minecraft:dirt":48,"minecraft:mutton":1,"minecraft:tuff":7,"minecraft:furnace":9,"minecraft:oak_sapling":1,"minecraft:cooked_cod":9,"minecraft:cobbled_deepslate":19,"minecraft:cooked_mutton":4,"minecraft:water_bucket":5,"minecraft:stone_pickaxe":402,"minecraft:baked_potato":4,"minecraft:wooden_pickaxe":11,"minecraft:stonecutter":1,"minecraft:fletching_table":15,"minecraft:diamond_axe":48,"minecraft:oak_slab":4,"minecraft:crafting_table":6,"minecraft:blast_furnace":4,"minecraft:white_bed":3,"minecraft:cod":1,"minecraft:smoker":4,"minecraft:oak_log":1,"minecraft:iron_pickaxe":219,"minecraft:gravel":45,"minecraft:stone_axe":122,"minecraft:cobblestone":163,"minecraft:bucket":6,"minecraft:oak_boat":9},"minecraft:custom":{"minecraft:mob_kills":40,"minecraft:interact_with_crafting_table":53,"minecraft:leave_game":2,"minecraft:time_since_death":110692,"minecraft:sprint_one_cm":235660,"minecraft:walk_one_cm":330306,"minecraft:damage_blocked_by_shield":563,"minecraft:drop":14,"minecraft:talked_to_villager":34,"minecraft:play_time":131626,"minecraft:deaths":2,"minecraft:sneak_time":5106,"minecraft:walk_under_water_one_cm":34265,"minecraft:boat_one_cm":21369,"minecraft:jump":1483,"minecraft:interact_with_blast_furnace":3,"minecraft:walk_on_water_one_cm":43564,"minecraft:total_world_time":131626,"minecraft:interact_with_furnace":40,"minecraft:traded_with_villager":2,"minecraft:sleep_in_bed":4,"minecraft:time_since_rest":1267,"minecraft:damage_taken":1292,"minecraft:damage_dealt":5129,"minecraft:swim_one_cm":308780,"minecraft:fly_one_cm":150572,"minecraft:open_chest":40,"minecraft:crouch_one_cm":12776,"minecraft:interact_with_smoker":6,"minecraft:fall_one_cm":26349},"minecraft:crafted":{"minecraft:oak_door":3,"minecraft:oak_planks":168,"minecraft:smooth_stone":3,"minecraft:stone_shovel":1,"minecraft:furnace":5,"minecraft:blast_furnace":1,"minecraft:stone":3,"minecraft:cooked_mutton":4,"minecraft:stone_pickaxe":4,"minecraft:chest":4,"minecraft:smoker":2,"minecraft:cooked_beef":7,"minecraft:cooked_cod":9,"minecraft:oak_slab":6,"minecraft:emerald":2,"minecraft:diamond_axe":1,"minecraft:crafting_table":2,"minecraft:wooden_pickaxe":1,"minecraft:fletching_table":3,"minecraft:bucket":2,"minecraft:stone_axe":1,"minecraft:air":0,"minecraft:oak_boat":1,"minecraft:iron_chestplate":1,"minecraft:diamond_pickaxe":1,"minecraft:shield":1,"minecraft:stick":136,"minecraft:iron_ingot":4,"minecraft:iron_pickaxe":1,"minecraft:stone_sword":1,"minecraft:white_bed":1,"minecraft:torch":44},"minecraft:mined":{"minecraft:tuff":7,"minecraft:white_bed":2,"minecraft:deepslate_diamond_ore":15,"minecraft:oak_door":25,"minecraft:brewing_stand":2,"minecraft:glow_lichen":1,"minecraft:grass_block":7,"minecraft:furnace":7,"minecraft:iron_ore":15,"minecraft:deepslate_lapis_ore":2,"minecraft:fletching_table":12,"minecraft:deepslate_iron_ore":15,"minecraft:dirt_path":1,"minecraft:stone":401,"minecraft:deepslate_redstone_ore":4,"minecraft:oak_slab":3,"minecraft:kelp_plant":2,"minecraft:smoker":3,"minecraft:crafting_table":4,"minecraft:torch":1,"minecraft:short_grass":5,"minecraft:blast_furnace":4,"minecraft:chest":2,"minecraft:cobblestone":40,"minecraft:copper_ore":10,"minecraft:deepslate_gold_ore":21,"minecraft:diorite":3,"minecraft:wall_torch":8,"minecraft:seagrass":2,"minecraft:wheat":1,"minecraft:coal_ore":43,"minecraft:oak_log":112,"minecraft:gravel":54,"minecraft:dirt":62,"minecraft:stonecutter":1,"minecraft:oak_leaves":27,"minecraft:deepslate":35},"minecraft:picked_up":{"minecraft:crafting_table":4,"minecraft:wooden_pickaxe":1,"minecraft:brewing_stand":2,"minecraft:string":5,"minecraft:raw_copper":65,"minecraft:cobbled_deepslate":42,"minecraft:beef":7,"minecraft:oak_boat":9,"minecraft:chest":2,"minecraft:furnace":7,"minecraft:raw_iron":51,"minecraft:stick":4,"minecraft:sandstone":14,"minecraft:oak_door":25,"minecraft:torch":15,"minecraft:diorite":3,"minecraft:redstone":19,"minecraft:stone_shovel":1,"minecraft:rotten_flesh":12,"minecraft:stone_sword":1,"minecraft:arrow":2,"minecraft:mutton":21,"minecraft:cod":10,"minecraft:cobblestone":523,"minecraft:white_wool":10,"minecraft:leather":2,"minecraft:smoker":3,"minecraft:flint":8,"minecraft:tuff":7,"minecraft:oak_log":115,"minecraft:lapis_lazuli":11,"minecraft:dirt":140,"minecraft:bone":5,"minecraft:apple":1,"minecraft:stonecutter":1,"minecraft:kelp":7,"minecraft:bow":1,"minecraft:wheat_seeds":6,"minecraft:raw_gold":21,"minecraft:iron_ingot":21,"minecraft:stone_pickaxe":3,"minecraft:fletching_table":12,"minecraft:oak_planks":34,"minecraft:oak_slab":3,"minecraft:gravel":48,"minecraft:sand":60,"minecraft:blast_furnace":4,"minecraft:white_bed":2,"minecraft:spider_eye":2,"minecraft:diamond":15,"minecraft:stone_axe":1,"minecraft:baked_potato":20,"minecraft:oak_sapling":4,"minecraft:coal":64,"minecraft:ender_pearl":2},"minecraft:killed":{"minecraft:spider":3,"minecraft:cod":10,"minecraft:skeleton":4,"minecraft:sheep":10,"minecraft:zombie":8,"minecraft:enderman":1,"minecraft:cow":4}},"DataVersion":3953}