{"stats":{"minecraft:custom":{"minecraft:time_since_rest":11411,"minecraft:sprint_one_cm":17790,"minecraft:damage_taken":292,"minecraft:walk_one_cm":18278,"minecraft:drop":1,"minecraft:swim_one_cm":3763,"minecraft:interact_with_crafting_table":4,"minecraft:fly_one_cm":6823,"minecraft:crouch_one_cm":51,"minecraft:play_time":12063,"minecraft:deaths":1,"minecraft:sneak_time":36,"minecraft:walk_under_water_one_cm":248,"minecraft:jump":79,"minecraft:leave_game":1,"minecraft:time_since_death":10525,"minecraft:walk_on_water_one_cm":1021,"minecraft:total_world_time":12063,"minecraft:fall_one_cm":1045},"minecraft:mined":{"minecraft:crafting_table":1,"minecraft:short_grass":1,"minecraft:oak_log":79,"minecraft:coal_ore":22,"minecraft:stone":17,"minecraft:oak_leaves":7},"minecraft:killed_by":{"minecraft:zombie":1},"minecraft:crafted":{"minecraft:oak_planks":64,"minecraft:stone_shovel":1,"minecraft:crafting_table":1,"minecraft:stick":12,"minecraft:wooden_pickaxe":1,"minecraft:stone_pickaxe":1,"minecraft:stone_sword":1,"minecraft:furnace":1,"minecraft:torch":4,"minecraft:stone_axe":1},"minecraft:picked_up":{"minecraft:crafting_table":1,"minecraft:oak_log":81,"minecraft:dirt":20,"minecraft:wheat_seeds":2,"minecraft:oak_sapling":1,"minecraft:coal":22,"minecraft:cobblestone":17},"minecraft:dropped":{"minecraft:wheat_seeds":1},"minecraft:used":{"minecraft:oak_log":1,"minecraft:stone_pickaxe":28,"minecraft:wooden_pickaxe":11,"minecraft:stone_axe":69,"minecraft:dirt":2,"minecraft:crafting_table":1}},"DataVersion":3953}