{"stats":{"minecraft:killed_by":{"minecraft:creeper":1,"minecraft:zombie":1},"minecraft:dropped":{"minecraft:kelp":7,"minecraft:wheat_seeds":3,"minecraft:torch":1,"minecraft:oak_sapling":2},"minecraft:broken":{"minecraft:stone_pickaxe":1,"minecraft:stone_sword":1},"minecraft:used":{"minecraft:cooked_mutton":2,"minecraft:stone_sword":131,"minecraft:stone_shovel":63,"minecraft:stone_pickaxe":215,"minecraft:wooden_pickaxe":11,"minecraft:chest":2,"minecraft:shield":19,"minecraft:rotten_flesh":5,"minecraft:oak_door":13,"minecraft:torch":35,"minecraft:dirt":45,"minecraft:mutton":1,"minecraft:crafting_table":4,"minecraft:cod":1,"minecraft:tuff":7,"minecraft:smoker":1,"minecraft:oak_log":1,"minecraft:iron_pickaxe":61,"minecraft:stone_axe":107,"minecraft:cobblestone":64,"minecraft:furnace":7,"minecraft:cooked_cod":9,"minecraft:cobbled_deepslate":15},"minecraft:custom":{"minecraft:interact_with_furnace":34,"minecraft:mob_kills":40,"minecraft:interact_with_crafting_table":18,"minecraft:leave_game":2,"minecraft:time_since_death":56692,"minecraft:time_since_rest":56720,"minecraft:sprint_one_cm":144495,"minecraft:damage_taken":1142,"minecraft:walk_one_cm":163344,"minecraft:damage_blocked_by_shield":563,"minecraft:drop":8,"minecraft:damage_dealt":5101,"minecraft:swim_one_cm":304626,"minecraft:fly_one_cm":84965,"minecraft:open_chest":2,"minecraft:crouch_one_cm":6833,"minecraft:play_time":77626,"minecraft:sneak_time":3328,"minecraft:deaths":2,"minecraft:walk_under_water_one_cm":33680,"minecraft:jump":940,"minecraft:walk_on_water_one_cm":42243,"minecraft:interact_with_smoker":2,"minecraft:total_world_time":77626,"minecraft:fall_one_cm":16511},"minecraft:crafted":{"minecraft:cooked_cod":9,"minecraft:oak_door":3,"minecraft:oak_planks":64,"minecraft:stone_shovel":1,"minecraft:crafting_table":2,"minecraft:wooden_pickaxe":1,"minecraft:furnace":3,"minecraft:stone_axe":1,"minecraft:cooked_mutton":4,"minecraft:air":0,"minecraft:shield":1,"minecraft:stick":24,"minecraft:iron_ingot":4,"minecraft:iron_pickaxe":1,"minecraft:stone_pickaxe":4,"minecraft:stone_sword":1,"minecraft:chest":2,"minecraft:torch":28,"minecraft:smoker":1},"minecraft:mined":{"minecraft:deepslate_redstone_ore":4,"minecraft:tuff":7,"minecraft:deepslate_diamond_ore":15,"minecraft:kelp_plant":2,"minecraft:oak_door":13,"minecraft:crafting_table":3,"minecraft:glow_lichen":1,"minecraft:short_grass":4,"minecraft:grass_block":6,"minecraft:copper_ore":10,"minecraft:cobblestone":2,"minecraft:deepslate_gold_ore":21,"minecraft:diorite":3,"minecraft:wall_torch":4,"minecraft:seagrass":2,"minecraft:furnace":6,"minecraft:iron_ore":15,"minecraft:deepslate_lapis_ore":2,"minecraft:oak_log":82,"minecraft:coal_ore":22,"minecraft:deepslate_iron_ore":15,"minecraft:gravel":5,"minecraft:dirt":59,"minecraft:stone":128,"minecraft:oak_leaves":8,"minecraft:deepslate":35},"minecraft:picked_up":{"minecraft:crafting_table":3,"minecraft:leather":2,"minecraft:wooden_pickaxe":1,"minecraft:flint":2,"minecraft:tuff":7,"minecraft:oak_log":85,"minecraft:lapis_lazuli":11,"minecraft:dirt":137,"minecraft:string":5,"minecraft:raw_copper":65,"minecraft:bone":5,"minecraft:kelp":7,"minecraft:bow":1,"minecraft:wheat_seeds":5,"minecraft:cobbled_deepslate":42,"minecraft:raw_gold":21,"minecraft:beef":7,"minecraft:iron_ingot":5,"minecraft:stone_pickaxe":3,"minecraft:oak_planks":33,"minecraft:furnace":6,"minecraft:raw_iron":46,"minecraft:sandstone":14,"minecraft:oak_door":13,"minecraft:torch":10,"minecraft:gravel":3,"minecraft:sand":60,"minecraft:diorite":3,"minecraft:redstone":19,"minecraft:spider_eye":2,"minecraft:stone_sword":1,"minecraft:arrow":2,"minecraft:rotten_flesh":12,"minecraft:stone_shovel":1,"minecraft:diamond":15,"minecraft:stone_axe":1,"minecraft:oak_sapling":3,"minecraft:mutton":21,"minecraft:cod":10,"minecraft:coal":43,"minecraft:white_wool":10,"minecraft:cobblestone":212,"minecraft:ender_pearl":2},"minecraft:killed":{"minecraft:spider":3,"minecraft:cod":10,"minecraft:sheep":10,"minecraft:skeleton":4,"minecraft:zombie":8,"minecraft:cow":4,"minecraft:enderman":1}},"DataVersion":3953}